legacy_id,unit,type,pre_class,panic_class,has_pet
A1,4A,adult male,P1,Q1,
A2,4A,adult female,P1,Q1,
A3,4B,adult male,P1,Q1,yes
A4,4B,adult female,P1,Q1,yes
A5,4C,adult female,P1,Q1,
A6,4D,adult male,P1,Q1,
A7,4D,adult female,P1,Q1,
A8,5A,adult male,P1,Q1,
A9,5A,adult female,P1,Q1,
A10,5B,adult male,P1,Q1,
A11,5B,adult female,P1,Q1,
A12,5C,mobility impaired,P1,Q1,
A13,5D,mobility impaired,P1,Q1,
A14,5D,elderly male,P1,Q1,
A15,6A,adult male,P1,Q1,
A16,6B,adult male,P1,Q1,
A17,6C,elderly male,P1,Q1,
A18,6C,elderly female,P1,Q1,
A19,6D,adult male,P1,Q1,
A20,6D,adult female,P1,Q1,
A21,7A,adult female,P1,Q1,
A22,7B,adult male,P1,Q1,
A23,7B,adult female,P1,Q1,
A24,7C,adult female,P1,Q1,
A25,7D,adult male,P1,Q1,
A26,8A,elderly male,P1,Q1,
A27,8A,elderly female,P1,Q1,
A28,8B,elderly male,P1,Q1,
A29,8B,elderly female,P1,Q1,
A30,8C,adult male,P1,Q1,yes
A31,8C,mobility impaired,P1,Q1,yes
A32,8D,elderly female,P1,Q1,
A33,9A,adult male,P1,Q1,
A34,9A,adult female,P1,Q1,
A35,9B,elderly female,P1,Q1,
A36,9C,elderly male,P1,Q1,
A37,9C,elderly female,P1,Q1,
A38,9D,mobility impaired,P1,Q1,
A39,9D,adult female,P1,Q1,
A40,10A,adult male,P1,Q1,yes
A41,10A,adult female,P1,Q1,yes
A42,10B,adult male,P1,Q1,
A43,10C,adult male,P1,Q1,
A44,10D,adult female,P1,Q1,
A45,11A,adult female,P1,Q1,
A46,11A,adult female,P1,Q1,
A47,11B,adult male,P1,Q1,
A48,11C,adult female,P1,Q1,
A49,11D,adult male,P1,Q1,
A50,11D,adult female,P1,Q1,
A51,12A,elderly male,P1,Q1,
A52,12A,elderly female,P1,Q1,
A53,12B,adult male,P1,Q1,
A54,12B,adult female,P1,Q1,
A55,12C,adult male,P1,Q1,
A56,12C,adult female,P1,Q1,
A57,12D,adult male,P1,Q1,
A58,12D,adult female,P1,Q1,
A59,14A,mobility impaired,P1,Q1,
A60,14B,mobility impaired,P1,Q1,
A61,14C,adult male,P1,Q1,
A62,14C,adult female,P1,Q1,
A63,14D,elderly female,P1,Q1,
A64,15A,adult male,P1,Q1,
A65,15B,abscent,P1,Q1,
A66,15C,adult male,P1,Q1,
A67,15C,adult female,P1,Q1,
A68,15D,adult male,P1,Q1,
A69,15D,elderly female,P1,Q1,
A70,16A,abscent,P1,Q1,
A71,16B,adult male,P1,Q1,
A72,16B,adult female,P1,Q1,
A73,16C,adult male,P1,Q1,
A74,16C,adult female,P1,Q1,
A75,16C,child,P1,Q1,
A76,16D,elderly male,P1,Q1,
A77,16D,elderly female,P1,Q1,
A78,17A,adult female,P1,Q1,
A79,17B,elderly female,P1,Q1,
A80,17C,elderly male,P1,Q1,
A81,17D,adult male,P1,Q1,
A82,17D,adult male,P1,Q1,
A83,18A,adult male,P1,Q1,
A84,18B,adult male,P1,Q1,
A85,18B,adult female,P1,Q1,
A86,18C,elderly female,P1,Q1,yes
A87,18D,adult male,P1,Q1,yes
A88,19A,abscent,P1,Q1,
A89,19B,elderly female,P1,Q1,yes
A90,19C,adult female,P1,Q1,
A91,19C,elderly female,P1,Q1,
A92,19D,adult male,P1,Q1,
A93,19D,adult female,P1,Q1,
A94,20A,adult male,P1,Q1,
A95,20A,adult male,P1,Q1,
A96,20B,adult male,P1,Q1,
A97,20B,adult female,P1,Q1,
A98,20C,adult male,P1,Q1,
A99,20C,adult female,P1,Q1,
A100,20D,adult male,P1,Q1,
A101,20D,adult male,P1,Q1,
A102,21A,abscent,P1,Q1,
A103,21B,mobility impaired,P1,Q1,
A104,21B,adult female,P1,Q1,
A105,21C,mobility impaired,P1,Q1,
A106,21C,mobility impaired,P1,Q1,
A107,21D,mobility impaired,P1,Q1,
A108,21D,elderly female,P1,Q1,
A109,22A,adult male,P1,Q1,
A110,22A,adult female,P1,Q1,
A111,22B,adult male,P1,Q1,
A112,22B,adult female,P1,Q1,
A113,22C,adult male,P1,Q1,
A114,22D,adult female,P1,Q1,
A115,23A,adult male,P1,Q1,yes
A116,23A,adult male,P1,Q1,yes
A117,23B,adult male,P1,Q1,
A118,23B,adult female,P1,Q1,
A119,23C,adult male,P1,Q1,
A120,23D,adult male,P1,Q1,
A121,23D,adult female,P1,Q1,
A122,24A,adult female,P1,Q1,
A123,24A,elderly female,P1,Q1,
A124,24B,adult female,P1,Q1,
A125,24B,elderly female,P1,Q1,
A126,24C,abscent,P1,Q1,
A127,24D,elderly female,P1,Q1,
A128,25A,adult male,P1,Q1,
A129,25A,adult female,P1,Q1,
A130,25B,adult male,P1,Q1,
A131,25C,elderly female,P1,Q1,
A132,25D,adult male,P1,Q1,
A133,25D,adult female,P1,Q1,
A134,26A,adult male,P1,Q1,
A135,26B,elderly male,P1,Q1,
A136,26B,elderly female,P1,Q1,
A137,26C,adult male,P1,Q1,
A138,26D,abscent,P1,Q1,
A139,27A,adult male,P1,Q1,
A140,27B,elderly male,P1,Q1,
A141,27B,elderly female,P1,Q1,
A142,27C,adult female,P1,Q1,
A143,27D,adult female,P1,Q1,
