"unit_label","floor_label","unit_letter","sim_floor","plan_id","seed_tile_x","seed_tile_y","occupiable","notes"
"4A","4","A","4","plan2_drawing_v2_2","30","16","TRUE","Seed tile read off the team's plan 2 drawing: an estimate, not a verified flat index."
"4B","4","B","4","plan2_drawing_v2_2","22","2","TRUE",""
"4C","4","C","4","plan2_drawing_v2_2","2","15","TRUE",""
"4D","4","D","4","plan2_drawing_v2_2","2","2","TRUE",""
"5A","5","A","5","plan2_drawing_v2_2","30","16","TRUE","Seed tile read off the team's plan 2 drawing: an estimate, not a verified flat index."
"5B","5","B","5","plan2_drawing_v2_2","22","2","TRUE",""
"5C","5","C","5","plan2_drawing_v2_2","2","15","TRUE",""
"5D","5","D","5","plan2_drawing_v2_2","2","2","TRUE",""
"6A","6","A","6","plan2_drawing_v2_2","30","16","TRUE","Seed tile read off the team's plan 2 drawing: an estimate, not a verified flat index."
"6B","6","B","6","plan2_drawing_v2_2","22","2","TRUE",""
"6C","6","C","6","plan2_drawing_v2_2","2","15","TRUE",""
"6D","6","D","6","plan2_drawing_v2_2","2","2","TRUE",""
"7A","7","A","7","plan2_drawing_v2_2","30","16","TRUE","Seed tile read off the team's plan 2 drawing: an estimate, not a verified flat index."
"7B","7","B","7","plan2_drawing_v2_2","22","2","TRUE",""
"7C","7","C","7","plan2_drawing_v2_2","2","15","TRUE",""
"7D","7","D","7","plan2_drawing_v2_2","2","2","TRUE",""
"8A","8","A","8","plan2_drawing_v2_2","30","16","TRUE","Seed tile read off the team's plan 2 drawing: an estimate, not a verified flat index."
"8B","8","B","8","plan2_drawing_v2_2","22","2","TRUE",""
"8C","8","C","8","plan2_drawing_v2_2","2","15","TRUE",""
"8D","8","D","8","plan2_drawing_v2_2","2","2","TRUE",""
"9A","9","A","9","plan2_drawing_v2_2","30","16","TRUE","Seed tile read off the team's plan 2 drawing: an estimate, not a verified flat index."
"9B","9","B","9","plan2_drawing_v2_2","22","2","TRUE",""
"9C","9","C","9","plan2_drawing_v2_2","2","15","TRUE",""
"9D","9","D","9","plan2_drawing_v2_2","2","2","TRUE",""
"10A","10","A","10","plan2_drawing_v2_2","30","16","TRUE","Seed tile read off the team's plan 2 drawing: an estimate, not a verified flat index."
"10B","10","B","10","plan2_drawing_v2_2","22","2","TRUE",""
"10C","10","C","10","plan2_drawing_v2_2","2","15","TRUE",""
"10D","10","D","10","plan2_drawing_v2_2","2","2","TRUE",""
"11A","11","A","11","plan2_drawing_v2_2","30","16","TRUE","Seed tile read off the team's plan 2 drawing: an estimate, not a verified flat index."
"11B","11","B","11","plan2_drawing_v2_2","22","2","TRUE",""
"11C","11","C","11","plan2_drawing_v2_2","2","15","TRUE",""
"11D","11","D","11","plan2_drawing_v2_2","2","2","TRUE",""
"12A","12","A","12","plan2_drawing_v2_2","30","16","TRUE","Seed tile read off the team's plan 2 drawing: an estimate, not a verified flat index."
"12B","12","B","12","plan2_drawing_v2_2","22","2","TRUE",""
"12C","12","C","12","plan2_drawing_v2_2","2","15","TRUE",""
"12D","12","D","12","plan2_drawing_v2_2","2","2","TRUE",""
"14A","14","A","13","plan2_drawing_v2_2","30","16","TRUE","Seed tile read off the team's plan 2 drawing: an estimate, not a verified flat index."
"14B","14","B","13","plan2_drawing_v2_2","22","2","TRUE",""
"14C","14","C","13","plan2_drawing_v2_2","2","15","TRUE",""
"14D","14","D","13","plan2_drawing_v2_2","2","2","TRUE",""
"15A","15","A","14","plan2_drawing_v2_2","30","16","TRUE","Seed tile read off the team's plan 2 drawing: an estimate, not a verified flat index."
"15B","15","B","14","plan2_drawing_v2_2","22","2","TRUE",""
"15C","15","C","14","plan2_drawing_v2_2","2","15","TRUE",""
"15D","15","D","14","plan2_drawing_v2_2","2","2","TRUE",""
"16A","16","A","15","plan2_drawing_v2_2","30","16","TRUE","Seed tile read off the team's plan 2 drawing: an estimate, not a verified flat index."
"16B","16","B","15","plan2_drawing_v2_2","22","2","TRUE",""
"16C","16","C","15","plan2_drawing_v2_2","2","15","TRUE",""
"16D","16","D","15","plan2_drawing_v2_2","2","2","TRUE",""
"17A","17","A","16","plan2_drawing_v2_2","30","16","TRUE","Seed tile read off the team's plan 2 drawing: an estimate, not a verified flat index."
"17B","17","B","16","plan2_drawing_v2_2","22","2","TRUE",""
"17C","17","C","16","plan2_drawing_v2_2","2","15","TRUE",""
"17D","17","D","16","plan2_drawing_v2_2","2","2","TRUE",""
"18A","18","A","17","plan2_drawing_v2_2","30","16","TRUE","Seed tile read off the team's plan 2 drawing: an estimate, not a verified flat index."
"18B","18","B","17","plan2_drawing_v2_2","22","2","TRUE",""
"18C","18","C","17","plan2_drawing_v2_2","2","15","TRUE",""
"18D","18","D","17","plan2_drawing_v2_2","2","2","TRUE",""
"19A","19","A","18","plan2_drawing_v2_2","30","16","TRUE","Seed tile read off the team's plan 2 drawing: an estimate, not a verified flat index."
"19B","19","B","18","plan2_drawing_v2_2","22","2","TRUE",""
"19C","19","C","18","plan2_drawing_v2_2","2","15","TRUE",""
"19D","19","D","18","plan2_drawing_v2_2","2","2","TRUE",""
"20A","20","A","19","plan2_drawing_v2_2","30","16","TRUE","Seed tile read off the team's plan 2 drawing: an estimate, not a verified flat index."
"20B","20","B","19","plan2_drawing_v2_2","22","2","TRUE",""
"20C","20","C","19","plan2_drawing_v2_2","2","15","TRUE",""
"20D","20","D","19","plan2_drawing_v2_2","2","2","TRUE",""
"21A","21","A","20","plan2_drawing_v2_2","30","16","TRUE","Seed tile read off the team's plan 2 drawing: an estimate, not a verified flat index."
"21B","21","B","20","plan2_drawing_v2_2","22","2","TRUE",""
"21C","21","C","20","plan2_drawing_v2_2","2","15","TRUE",""
"21D","21","D","20","plan2_drawing_v2_2","2","2","TRUE",""
"22A","22","A","21","plan2_drawing_v2_2","30","16","TRUE","Seed tile read off the team's plan 2 drawing: an estimate, not a verified flat index."
"22B","22","B","21","plan2_drawing_v2_2","22","2","TRUE",""
"22C","22","C","21","plan2_drawing_v2_2","2","15","TRUE",""
"22D","22","D","21","plan2_drawing_v2_2","2","2","TRUE",""
"23A","23","A","22","plan2_drawing_v2_2","30","16","TRUE","Seed tile read off the team's plan 2 drawing: an estimate, not a verified flat index."
"23B","23","B","22","plan2_drawing_v2_2","22","2","TRUE",""
"23C","23","C","22","plan2_drawing_v2_2","2","15","TRUE",""
"23D","23","D","22","plan2_drawing_v2_2","2","2","TRUE",""
"24A","24","A","23","plan2_drawing_v2_2","30","16","TRUE","Seed tile read off the team's plan 2 drawing: an estimate, not a verified flat index."
"24B","24","B","23","plan2_drawing_v2_2","22","2","TRUE",""
"24C","24","C","23","plan2_drawing_v2_2","2","15","TRUE",""
"24D","24","D","23","plan2_drawing_v2_2","2","2","TRUE",""
"25A","25","A","24","plan2_drawing_v2_2","30","16","TRUE","Seed tile read off the team's plan 2 drawing: an estimate, not a verified flat index."
"25B","25","B","24","plan2_drawing_v2_2","22","2","TRUE",""
"25C","25","C","24","plan2_drawing_v2_2","2","15","TRUE",""
"25D","25","D","24","plan2_drawing_v2_2","2","2","TRUE",""
"26A","26","A","25","plan2_drawing_v2_2","30","16","TRUE","Seed tile read off the team's plan 2 drawing: an estimate, not a verified flat index."
"26B","26","B","25","plan2_drawing_v2_2","22","2","TRUE",""
"26C","26","C","25","plan2_drawing_v2_2","2","15","TRUE",""
"26D","26","D","25","plan2_drawing_v2_2","2","2","TRUE",""
"27A","27","A","26","plan2_drawing_v2_2","30","16","TRUE","Seed tile read off the team's plan 2 drawing: an estimate, not a verified flat index."
"27B","27","B","26","plan2_drawing_v2_2","22","2","TRUE",""
"27C","27","C","26","plan2_drawing_v2_2","2","15","TRUE",""
"27D","27","D","26","plan2_drawing_v2_2","2","2","TRUE",""