"vocab","value","label","description","sort_order"
"phase","tts","Time to start","Affects pre-movement time","1"
"phase","tte","Time to exit","Affects travel time","2"
"phase","both","Both","Affects both phases","3"
"category","pre_evacuation","Pre-evacuation","Waking, interpreting, deciding, gathering","1"
"category","wayfinding","Wayfinding","Orientation, route and stair choice","2"
"category","social","Social","Grouping, helping, warning, leading","3"
"category","fire_smoke","Fire and smoke","Response to the hazard itself","4"
"mechanism","set","Set","Replaces the value","1"
"mechanism","add","Add","Adds to the value","2"
"mechanism","mul","Multiply","Scales the value","3"
"mechanism","min","Floor","Raises the value to at least this","4"
"mechanism","max","Ceiling","Lowers the value to at most this","5"
"dist","const","Constant","p1 = value","1"
"dist","uniform","Uniform","p1 = lo, p2 = hi","2"
"dist","normal","Normal","p1 = mean, p2 = sd","3"
"dist","trunc_normal","Truncated normal","p1 = mean, p2 = sd, p3 = lo, p4 = hi","4"
"dist","lognormal","Lognormal","p1 = log mean, p2 = log sd","5"
"dist","weibull","Weibull","p1 = scale, p2 = shape","6"
"dist","triangular","Triangular","p1 = lo, p2 = mode, p3 = hi","7"
"dist","bernoulli","Bernoulli","p1 = probability","8"
"dist","categorical","Categorical","Uses the categories and weights columns","9"
"evidence","SOURCED","Sourced","A citation was read and supports this value","1"
"evidence","ESTIMATE","Estimate","Reasoned from an adjacent finding","2"
"evidence","INVENTED","Invented","No measurement exists; the model needs a number","3"
"effect_size","negligible","Negligible","","1"
"effect_size","small","Small","","2"
"effect_size","moderate","Moderate","","3"
"effect_size","large","Large","","4"
"effect_size","dominant","Dominant","Outweighs most other parameters","5"
"status","proposed","Proposed","Written down but not agreed","1"
"status","accepted","Accepted","Agreed and in use","2"
"status","parked","Parked","Deliberately not used; the notes say why","3"
"status","rejected","Rejected","Considered and turned down","4"
"sex","female","Female","","1"
"sex","male","Male","","2"
"sex","other","Other","","3"
"mobility","none","No difficulty","Walks and uses stairs unaided","1"
"mobility","ambulatory_difficulty","Ambulatory difficulty","Walks and uses stairs, but slower and tires sooner","2"
"mobility","walker_cane","Walker or cane","Uses an aid; stairs are slow and tiring","3"
"mobility","wheelchair","Wheelchair","Cannot use stairs; needs the lift or assistance","4"
"sim_agent_type","adult","Adult","","1"
"sim_agent_type","child","Child","Under 18","2"
"sim_agent_type","elderly","Elderly","65 and over","3"
"sim_agent_type","athletic","Athletic","","4"
"sim_agent_type","wheelchair","Wheelchair user","","5"
"sim_agent_type","visitor","Visitor","","6"
"sim_agent_type","caregiver","Caregiver","Paired with someone who cannot use stairs","7"
"household_role","head","Head","","1"
"household_role","partner","Partner","","2"
"household_role","child","Child","","3"
"household_role","parent","Parent","An older parent living with the household","4"
"household_role","lodger","Lodger","Shares the flat without being family","5"
"household_role","carer","Carer","Lives in to assist another member","6"
"household_role","other","Other","","7"
"age_band","0_17","Under 18","","1"
"age_band","18_34","18 to 34","","2"
"age_band","35_49","35 to 49","","3"
"age_band","50_64","50 to 64","","4"
"age_band","65_74","65 to 74","","5"
"age_band","75_plus","75 and over","","6"
"stair","north","North stair","","1"
"stair","south","South stair","","2"
"stair","none","No habit","Has no habitual stair","3"
"tie_kind","household","Household","Lives in the same flat","1"
"tie_kind","knock","Would knock","Would knock on their door on the way out","2"
"tie_kind","phone","Would phone","Would call or message them directly","3"
"tie_kind","group_chat","Building chat","Shares a building group chat","4"
"scope","same_floor","Same floor","Only between people on one floor","1"
"scope","adjacent_floor","Adjacent floor","One floor apart","2"
"scope","building","Building","Anywhere in the building","3"
"rate_kind","per_pair","Per pair","The rate is the chance that any one eligible pair is tied","1"
"rate_kind","per_person_degree","Ties per person","The rate is the average number of ties a person has, which does not change when the building gets bigger","2"
"time_of_day","day","Day","","1"
"time_of_day","night","Night","","2"
"alarm_quality","good","Good","Audible in every flat","1"
"alarm_quality","poor","Poor","Corridor only; a quarter may not hear it","2"
"unit_letter","A","A","","1"
"unit_letter","B","B","","2"
"unit_letter","C","C","","3"
"unit_letter","D","D","","4"
"source_kind","paper","Paper","Peer-reviewed or conference paper","1"
"source_kind","dataset","Dataset","","2"
"source_kind","government","Government","Agency report or statistic","3"
"source_kind","code","Code","Building or fire code","4"
"source_kind","case","Case","Incident investigation","5"
"source_kind","procedure","Procedure","Fire service or operator procedure","6"
"source_kind","other","Other","","7"
"dimension","occupancy","Occupancy","People per flat","1"
"dimension","household_size","Household size","Share of households by size","2"
"dimension","age_band","Age","Share of residents by age band","3"
"dimension","sex","Sex","Share of residents by sex","4"
"dimension","mobility","Mobility","Share of residents by mobility category","5"
"dimension","absence","Absence","Share of residents not in the building","6"
"dimension","pet","Pet","Share of households keeping a pet","7"
"dimension","tenure","Tenure","Share of residents by years in the building","8"
"basis","acs","ACS","American Community Survey","1"
"basis","sipp","SIPP","Survey of Income and Program Participation","2"
"basis","paper","Paper","","3"
"basis","estimate","Estimate","","4"
"basis","team","Team","Agreed by the team without a source","5"
"basis","derived","Derived","Computed from another target","6"
"activity","asleep","Asleep","","1"
"activity","awake_home","Awake at home","","2"
"activity","cooking","Cooking","","3"
"activity","showering","Showering","Cannot hear the alarm and is not dressed","4"
"activity","out_of_flat","Out of the flat","In a corridor or lobby","5"