id,name,phase,category,target,applies_to,mechanism,dist,p1,p2,p3,p4,categories,weights,unit,lit_low,lit_high,effect_size,evidence,source_ids,finding,priority,sensitivity_rank,sensitivity_delta_tts_s,sensitivity_delta_tte_s,status,enabled,owner,last_reviewed,notes
P001,Walking speed - working-age adult,tte,wayfinding,body.base_speed,age_years >= 18 and age_years < 65 and mobility != wheelchair,set,trunc_normal,1.20,0.24,0.50,2.00,,,m/s,1.19,1.25,large,SOURCED,bohannon2008;sfpe_fruin,Comfortable adult walking speed about 1.20 m/s with sd near 0.24 m/s.,100,,,,accepted,TRUE,,,"The spread matters as much as the mean: it is what makes a crowd have a slow tail."
P002,Walking speed - 65 and over,tte,wayfinding,body.base_speed,age_years >= 65 and mobility != wheelchair,set,trunc_normal,0.95,0.22,0.40,1.60,,,m/s,0.90,1.00,large,ESTIMATE,sfpe_fruin;firetech2024_stairs,Older adults are markedly slower than able-bodied adults on the level and on stairs.,100,,,,proposed,TRUE,,,"The mean is reasoned from the simulation's sourced elderly range rather than read off a table. Needs the Fire Technology 2024 trial pinned down."
P003,Walking speed - under 18,tte,wayfinding,body.base_speed,age_years < 18 and mobility != wheelchair,set,trunc_normal,0.95,0.20,0.40,1.50,,,m/s,0.73,1.20,moderate,ESTIMATE,sfpe_fruin;proulx1995,Children are slower than adults; small children occupied the full stair width and were not carried.,100,,,,proposed,TRUE,,,"Proulx measured 0.33 m/s on stairs for 2-5 year olds, which is a stair figure, not this level figure."
P004,Walking speed - wheelchair,tte,wayfinding,body.base_speed,mobility == wheelchair,set,trunc_normal,0.68,0.20,0.30,1.10,,,m/s,0.30,1.06,moderate,ESTIMATE,sfpe_fruin,Assisted and wheeled occupants are much slower than able-bodied adults.,110,,,,proposed,TRUE,,,"Range reasoned from the simulation's sourced wheelchair profile. These occupants cannot use stairs at all, which matters far more than their level speed."
P005,Walking speed - ambulatory difficulty,tte,wayfinding,body.base_speed,mobility in [ambulatory_difficulty walker_cane],mul,const,0.66,,,,,,factor,,,moderate,SOURCED,acs_b18105,Occupants who walk with difficulty move at about two thirds of the able-bodied speed.,120,,,,accepted,TRUE,,,"Applied on top of the age-based speed, so an older person with a cane gets both effects."
P006,Carrying or handling a pet,tte,pre_evacuation,body.base_speed,has_pet == TRUE,mul,const,0.90,,,,,,factor,,,small,ESTIMATE,,A pet occupies a hand and slows both level and stair movement by about a tenth.,130,,,,proposed,TRUE,,,"Carried over as a claim from the team's first workbook (rule S103). No source was attached to it there and none has been found since."
P007,Patience behind a blockage,tte,wayfinding,body.patience_s,,set,uniform,40,80,,,,,s,60,300,moderate,INVENTED,,How long somebody stands in a stalled queue before giving up on that staircase.,100,,,,parked,TRUE,,,"The simulation uses 40-80 s and flags it as invented. Queue tolerance measured in lift queues runs 1-5 minutes, so this is probably too impatient. Worth an early sensitivity run."
P008,Tries the other staircase after turning back,tte,wayfinding,body.tries_other_stair,,set,bernoulli,0.23,,,,,,share,,,small,SOURCED,,"Of those who turn back from smoke, about a quarter try the other staircase rather than going home.",100,,,,accepted,TRUE,,,"Matches the simulation's sourced other_stair_share. The source behind that value still needs recording here."
P010,Milling - baseline,tts,pre_evacuation,dispositions.mill_tendency,,set,trunc_normal,0.70,0.18,0.00,1.00,,,share,0.60,0.80,dominant,SOURCED,nist_ncstar_1_7,About 70 percent of WTC occupants milled - sought information or conferred - before evacuating.,100,,,,accepted,TRUE,,,"NIST's figure is for an office population. A residential tower at night may differ, and that difference is one of the things this project is for."
P011,Milling - a new tenant has fewer people to confer with,tts,social,dispositions.mill_tendency,tenure_years <= 1,mul,const,0.65,,,,,,factor,,,moderate,ESTIMATE,proulx1995,"Milling is information-seeking from other people; somebody who knows nobody in the building has fewer to seek it from.",110,,,,proposed,TRUE,,,"Reasoned, not measured. Proulx supports that residents rely on familiar people and routes, not this size of effect."
P012,Milling - living alone,tts,social,dispositions.mill_tendency,lives_alone == TRUE,mul,const,0.85,,,,,,factor,,,small,ESTIMATE,proulx1995,Conferring with a household member is the commonest first response; somebody alone skips it.,110,,,,proposed,TRUE,,,Reasoned from Proulx's finding that 62 percent left in groups.
P020,Seeks a second cue before moving,tts,pre_evacuation,dispositions.seeks_confirmation,,set,trunc_normal,0.55,0.20,0.00,1.00,,,share,,,large,ESTIMATE,nist_ncstar_1_7;team_selfelicit_2026,"Looking for confirmation - the hallway, a neighbour, a siren, the news - before accepting that an alarm is real.",100,,,,proposed,TRUE,,,"NIST lists looking for confirmation as a behaviour pattern but gives no per-person propensity, so the distribution is ours."
P021,Seeks a second cue - poor alarm,tts,pre_evacuation,dispositions.seeks_confirmation,alarm_quality == poor,add,const,0.15,,,,,,share,,,moderate,ESTIMATE,proulx1995;proulx_fahy1997,A corridor-only alarm is ambiguous where an in-flat alarm is not.,110,,,,proposed,TRUE,,,"The alarm effect on time to start is well measured; routing it through this disposition rather than straight into a delay is our modelling choice."
P022,Compliance with instructions,tts,pre_evacuation,dispositions.authority_compliance,,set,trunc_normal,0.60,0.20,0.00,1.00,,,share,,,large,ESTIMATE,kuligowski_tn1632,Willingness to act on an alarm or an announcement rather than reinterpret it.,100,,,,proposed,TRUE,,,"In the real residential cases nearly every later instruction came from firefighters in person, which this does not yet capture."
P023,Altruism,tts,social,dispositions.altruism,,set,trunc_normal,0.32,0.18,0.00,1.00,,,share,0.30,0.34,moderate,SOURCED,nist_ncstar_1_7,"30 to 34 percent of WTC occupants helped others; 23 to 32 percent searched for others.",100,,,,accepted,TRUE,,,"An office population with no family present still spent this much effort on others, so a residential figure is likely higher."
P024,Leadership,tts,social,dispositions.leadership,,set,trunc_normal,0.30,0.18,0.00,1.00,,,share,,,moderate,INVENTED,,Tendency to direct others rather than follow.,100,,,,proposed,TRUE,,,"No measurement found. Named as a factor in the project's reading but never quantified."
P025,Leadership - head of household,tts,social,dispositions.leadership,household_role == head,add,const,0.15,,,,,,share,,,small,ESTIMATE,proulx1995,One member typically decides for the household and the rest follow.,110,,,,proposed,TRUE,,,Reasoned from households deciding together.
P026,Risk tolerance,tte,fire_smoke,dispositions.risk_tolerance,,set,trunc_normal,0.40,0.18,0.00,1.00,,,share,,,moderate,INVENTED,,Willingness to enter a route they can see is degraded.,100,,,,proposed,TRUE,,,"Drives the smoke turn-back decision, which the simulation currently draws from a population share rather than a disposition."
P027,Risk tolerance - 65 and over,tte,fire_smoke,dispositions.risk_tolerance,age_years >= 65,mul,const,0.80,,,,,,factor,,,small,INVENTED,,Older occupants were more likely to shelter than to attempt a degraded route.,110,,,,proposed,TRUE,,,"A guess consistent with the Forest Laneway pattern, where most early evacuation attempts failed and residents sheltered."
P030,Knows the building - new tenant,tte,wayfinding,knowledge.floorplan_familiarity,tenure_years < 1,set,trunc_normal,0.35,0.15,0.00,1.00,,,share,,,moderate,ESTIMATE,proulx1995,Residents chose familiar stairs over the nearest ones.,100,,,,proposed,TRUE,,,"Proulx supports the mechanism; the three tenure bands and their means are ours."
P031,Knows the building - one to five years,tte,wayfinding,knowledge.floorplan_familiarity,tenure_years >= 1 and tenure_years < 5,set,trunc_normal,0.65,0.15,0.00,1.00,,,share,,,moderate,ESTIMATE,proulx1995,As above.,100,,,,proposed,TRUE,,,
P032,Knows the building - five years or more,tte,wayfinding,knowledge.floorplan_familiarity,tenure_years >= 5,set,trunc_normal,0.85,0.12,0.00,1.00,,,share,,,moderate,ESTIMATE,proulx1995,As above.,100,,,,proposed,TRUE,,,
P033,Knows a second staircase exists - new tenant,tte,wayfinding,knowledge.knows_second_stair,tenure_years < 1,set,bernoulli,0.45,,,,,,share,,,large,INVENTED,,Whether they know there is another way down at all.,100,,,,proposed,TRUE,,,"Nobody has measured this and it may matter a great deal, because not knowing removes the alternative the model relies on."
P034,Knows a second staircase exists - established resident,tte,wayfinding,knowledge.knows_second_stair,tenure_years >= 1,set,bernoulli,0.85,,,,,,share,,,large,INVENTED,,As above.,100,,,,proposed,TRUE,,,
P035,Habitual staircase,tte,wayfinding,knowledge.habitual_stair,,set,categorical,,,,,north;south,1;1,,,,moderate,ESTIMATE,proulx1995,"Residents chose familiar stairs over the nearest, so each has a habit to reach for.",100,,,,proposed,TRUE,,,"Split evenly for want of anything better. In a real building the split follows which stair is nearer each flat."
P036,False alarms lived through - one to five years,tts,pre_evacuation,knowledge.prior_false_alarms,tenure_years >= 1 and tenure_years < 5,set,uniform,0,3,,,,,count,,,moderate,INVENTED,,How many times the bell has already cried wolf here.,100,,,,proposed,TRUE,,,"Both effects are documented for the 1993 WTC bombing - experience made some faster and some slower - and nothing here yet uses this field."
P037,False alarms lived through - five years or more,tts,pre_evacuation,knowledge.prior_false_alarms,tenure_years >= 5,set,uniform,1,8,,,,,count,,,moderate,INVENTED,,As above.,100,,,,proposed,TRUE,,,
P038,Fire safety training,tts,pre_evacuation,knowledge.fire_safety_training,,set,bernoulli,0.10,,,,,,share,,,small,INVENTED,,Any drill or training in this building.,100,,,,proposed,TRUE,,,Residential towers rarely drill; a tenth is a guess.
P040,Hears the alarm - good alarm,tts,pre_evacuation,situation.alarm_audible,alarm_quality == good,set,bernoulli,0.98,,,,,,share,0.95,1.00,dominant,SOURCED,proulx1995,In the buildings with an alarm inside each flat every occupant heard it.,100,,,,accepted,TRUE,,,"Audibility was the single largest driver of time to start: 169 s audible against 515 s poor."
P041,Hears the alarm - poor alarm,tts,pre_evacuation,situation.alarm_audible,alarm_quality == poor,set,bernoulli,0.76,,,,,,share,0.75,0.77,dominant,SOURCED,proulx1995;proulx_fahy1997,"Between 23 and 25 percent of residents did not hear a corridor-only alarm from inside the flat; 24 percent at Forest Laneway.",100,,,,accepted,TRUE,,,
P090,Pre-movement time,tts,pre_evacuation,body.delay_s,,set,weibull,102.475,0.767,,,,,s,,,dominant,SOURCED,lovreglio2019,"Good-alarm residential cluster: Weibull scale 102.475 s, shape 0.767, n = 149. Implied mean 120 s.",100,,,,parked,FALSE,,,"PARKED ON PURPOSE, and switched off. The simulation already fits this from the same source, per scenario and by time of day, and the two clusters differ by a factor of six. Setting it here would freeze one cluster into every run. Left in the registry because the value is the right one to argue about, and because it records why we do not emit it."
