"id","short","cite","url","kind","year","finding","read_by","read_on","notes"
"proulx1995","Proulx 1995","Proulx, G. (1995). Evacuation time and movement in apartment buildings. Fire Safety Journal 24(3), 229-246.","https://nrc-publications.canada.ca/eng/view/ft/?id=7b1d8203-c479-4e7a-b0ef-d43c7949c5d0","paper","1995","Four apartment drills. Alarm audibility dominated time to start (169 s audible vs 515 s poor). 62% evacuated in groups, mostly pairs or threes, at the slowest member's pace. Residents chose familiar stairs over the nearest.","","","Announced drills in 6-7 storey buildings, so a real fire is likely slower. Citation carried from the project's evidence ledger; not yet read first-hand for this registry."
"proulx_fahy1997","Proulx and Fahy 1997","Proulx, G. and Fahy, R. (1997). The time delay to start evacuation: review of five case studies. Fire Safety Science 5, 783-794.","https://publications.iafss.org/publications/fss/5/783/view/fss_5-783.pdf","paper","1997","Residential time to start 169 s with a good alarm, 515 s with a poor one; pre-movement was about two thirds of total evacuation time. At Forest Laneway 24% did not hear the alarm.","","","Citation carried from the project's evidence ledger; not yet read first-hand for this registry."
"lovreglio2019","Lovreglio et al. 2019","Lovreglio, R., Kuligowski, E., Gwynne, S. and Boyce, K. (2019). A pre-evacuation database for use in egress simulations. Fire Safety Journal 105, 107-128.","https://pure.ulster.ac.uk/ws/files/71289763/Lovreglio_et_al_Fire_Safety_Journal_January_2019.pdf","paper","2019","Fitted residential pre-evacuation distributions: good-alarm cluster Weibull scale 102.475 s shape 0.767 (n=149); poor-alarm or real-fire cluster Weibull scale 724.617 s shape 0.978 (n=78).","","","The lognormal rows of the same table are internally inconsistent between units; use the Weibull or gamma rows. Citation carried from the project's evidence ledger."
"nist_ncstar_1_7","NIST NCSTAR 1-7","Averill, J. et al. (2005). Occupant behavior, egress, and emergency communications. NIST NCSTAR 1-7, World Trade Center Investigation.","","case","2005","About 70% of occupants milled - sought information or conferred - before evacuating. 30-34% helped others; 23-32% searched for others. Cues such as smoke made people leave slower, not faster, because they triggered sense-making first.","","","An office population, so group and family effects transfer poorly to a residential tower. URL not yet recorded."
"kuligowski_tn1632","Kuligowski NIST TN 1632","Kuligowski, E. (2009). The process of human behavior in fires. NIST Technical Note 1632.","","government","2009","Sets out the perception-interpretation-decision-action model the TTS side of this project is built on.","","","URL not yet recorded."
"sfpe_fruin","SFPE / Fruin","SFPE Handbook of Fire Protection Engineering, movement chapters, following Fruin's pedestrian planning work.","","paper","","Able-bodied adults walk about 1.19-1.25 m/s on the level; older adults are markedly slower; children are slower; assisted occupants much slower.","","","Named in a comment on the team's first workbook. Edition, chapter and page still to be pinned down."
"bohannon2008","Bohannon 2008","Bohannon, R. (2008). Comfortable and maximum walking speed of adults aged 20-79 years: reference values and determinants.","","paper","2008","Comfortable adult walking speed about 1.20 m/s with a standard deviation near 0.24 m/s.","","","Citation carried from the project's evidence ledger; the standard deviation matters here because it is the spread this registry samples."
"firetech2024_stairs","Fire Technology 2024","Controlled stair-descent trials with older adults, Fire Technology (2024).","","paper","2024","Stair descent speeds for older adults are well below the able-bodied adult figures usually quoted.","","","Named in a comment on the team's first workbook. Authors, title and volume still to be pinned down."
"jin1978","Jin 1978","Jin, T. (1978). Visibility through fire smoke.","","paper","1978","Walking speed falls as smoke reduces visibility; in irritant smoke people slow to about 0.3 m/s.","","","Named in a comment on the team's first workbook."
"fridolf2013","Fridolf et al. 2013","Fridolf, K., Nilsson, D. and Frantzich, H. (2013). Movement speed and exit choice in smoke-filled rail tunnels.","","paper","2013","In dense smoke people slow to around 0.3 m/s and may crawl or follow a wall.","","","Named in a comment on the team's first workbook."
"frantzich_nilsson2003","Frantzich and Nilsson 2003","Frantzich, H. and Nilsson, D. (2003). Utvardering av forsok med utrymning i rokfylld tunnel (Evacuation experiments in a smoke-filled tunnel).","","paper","2003","Speed-visibility relationships in smoke used for the smoke speed-reduction factors.","","","Named in a comment on the team's first workbook."
"acs_b11016","ACS B11016","US Census Bureau, American Community Survey, table B11016 (household type by household size), San Francisco.","https://data.census.gov/table/ACSDT1Y2024.B11016","dataset","2024","San Francisco households of 1 / 2 / 3 / 4-or-more people are 40.65 / 32.67 / 12.12 / 14.57 percent.","","","Five-and-more folded into four. Flats in large buildings hold fewer people than the city average, which is why the occupancy target here is stated per flat and the size weights are tilted to match it."
"acs_b18105","ACS B18105","US Census Bureau, American Community Survey, table B18105 (ambulatory difficulty by age).","https://data.census.gov/table/ACSDT1Y2024.B18105","dataset","2024","Ambulatory difficulty runs about 3.8 percent among adults aged 35-64 and about 18.2 percent among those 65 and over.","","","This is the share the workbook's 'mobility impaired' category actually matches - not the much smaller wheelchair share."
"sipp_wheelchair","SIPP wheelchair use","US Census Bureau, Survey of Income and Program Participation, wheelchair and mobility device use.","","dataset","","About 1.3 percent of the adult population uses a wheelchair.","","","URL not yet recorded."
"team_selfelicit_2026","Team self-elicitation 2026","Fire on Floor 12 - what do I do? First-person walkthrough by the project team, three positions relative to the fire floor.","","other","2026","Below the fire: alarm-only cue, assume a false alarm, check the hallway, the phone and the building group chat before leaving. On the fire floor: multi-sensory cues, alert the household, call 999/911 while moving, take the far stair. Above: cues delayed, contact people in the building, consider knocking on neighbours, shelter and seal if the stair is not clear.","project team","2026-09-22","Recorded in context.md section 5. This is the only source for the building group chat as a warning channel, which is why those rows are INVENTED rather than ESTIMATE."